count_dummy,count_3-2,count_3-1,count_3-0,count_2-2,count_2-1,count_2-0,count_1-2,count_1-1,count_1-0,count_0-2,count_0-1
0.49541727786579043,0.4514285714285714,0.5807142857142857,0.7666666666666666,0.3593727348037693,0.4625536032594856,0.5479895104895105,0.41571654302746736,0.4500571328341742,0.5164464246341365,0.4159090909090909,0.4367108888208633
0.29983630823395224,0.29398301503564667,0.3524786324786325,0.48952380952380947,0.30241085472301443,0.3405115605115605,0.33307026307026305,0.3163903860465604,0.29294746409533856,0.2886988483098514,0.29006220419202167,0.30132176967620006
0.8249770846553725,0.8887992038920831,1.0,0.2,0.7830187435026146,0.9155677655677655,0.9333333333333332,0.6990265524596331,0.8642710643015521,0.9133699633699635,0.7378184014053579,0.7702944407822457
0.7489055245621229,0.7538974081872217,0.8228571428571427,0.9077777777777778,0.5867021686150056,0.7072647058823529,0.8594696969696971,0.5842594856124268,0.6357242757242757,0.7262031622115781,0.6468998211091235,0.6555615125977973
0.4740512654111675,0.4022123661640163,0.5296859903381643,0.5896825396825397,0.47128379816904403,0.39992673992673994,0.5053840245775729,0.46153461184607086,0.3990931192468744,0.43855079160398314,0.4787128620221776,0.40146765596880635
0.5607246356233431,0.6008974358974359,0.43690476190476185,0.6166666666666666,0.46527065527065525,0.5754188948306596,0.5472261072261072,0.49851282051282053,0.46230134932533734,0.556050156739812,0.4671578947368421,0.5382956671925838
