count_dummy,count_3-2,count_3-1,count_3-0,count_2-2,count_2-1,count_2-0,count_1-2,count_1-1,count_1-0,count_0-2,count_0-1
0.6150780958757315,0.7531102531102531,0.8257571814150761,0.9099999999999999,0.6185554536431729,0.7879685524217934,0.8422272498743085,0.5751787378781639,0.6573915250598369,0.7859307084865439,0.6146349917612054,0.61875028079654
0.6724508236696526,0.5096031746031746,0.9666666666666668,0.4,0.62099828512872,0.6086513486513486,0.6033333333333333,0.663807780197099,0.6178383724054352,0.5775889328063242,0.6114795564795565,0.6384144172257763
0.5322595988471073,0.635982536952626,0.6959465586387109,0.9077172096908939,0.5207005499721693,0.5374923134513928,0.6635849673202614,0.5491053681041145,0.5443882796813478,0.5675093195009905,0.5819305246882891,0.5415698023047586
0.6340938719596734,0.9228033859013586,0.8731601731601731,0.9,0.7881476686368327,0.8704467030553987,0.9206593406593406,0.6042265521335289,0.6313626723223754,0.8172758451069878,0.5924207676381589,0.618730813620213
0.5807500164275119,0.6653953889248007,0.8199328449328449,0.96,0.47832343095500984,0.6598944193061841,0.7807520549625814,0.5659044571763773,0.5016454673597531,0.7957901710890469,0.5492577187649976,0.42437641723356007
0.3178236621357454,0.43790866054023947,0.5160714285714285,0.7214285714285714,0.2992919799498747,0.44963955996214056,0.49510466988727864,0.3098604465709729,0.2903988868274583,0.42250484161364427,0.27110626664730303,0.3037951887979392
