pitcher_id,rf,rf_std_accuracy,svm,svm_std_accuracy,pitch_vol,ave_conf,train_size,unique_pitches,start_relief,key_mlbam,name_first,name_last
276542.0,-0.03228256796102511,0.06599656966866128,0.0315806163337081,0.06903270639500846,0.0497633933565524,0.5317372517444975,1490.4,3.0,Reliever,276542.0,Joaquin,Benoit
444857.0,-0.06849902492680308,0.09292265651018912,-0.00359262663995622,0.048975464496154725,0.07593780661794729,0.6550769732550565,2452.8,4.0,Starter,444857.0,Scott,Feldman
459429.0,-0.05294703163881975,0.08294350109325885,-0.15335940277284038,0.08934636867889667,0.04954739154138284,0.5406795048143058,1163.2,3.0,Reliever,459429.0,Jake,McGee
501925.0,-0.021870770780222225,0.046615707451380696,-0.030329210335819746,0.062295088808615805,0.07537620900791797,0.8374127874369055,1426.4,3.8,Reliever,501925.0,Joe,Smith
504379.0,-0.005255501696326448,0.010289567500411953,-0.10365583474095733,0.05780942388273617,0.033973662211381934,0.4802204517326739,2585.6,3.0,Starter,504379.0,Juan,Nicasio
533167.0,-0.059845984598459856,0.07605444890337978,-0.07810781078107812,0.08561089750646302,0.07393125476935532,0.5943177117711761,3636.0,4.0,Starter,533167.0,Matt,Shoemaker
571871.0,-0.1338053053302145,0.1397824219483329,-0.20855770666401235,0.09979019228775517,0.0322968102503209,0.6180708245243134,1135.2,4.0,Reliever,571871.0,Ian,Krol
